{"cameraMode":{"drawMode":0,"name":"Shaded","section":"Shading Mode"},"sceneLighting":false,"audioPlay":false,"sceneViewState":{"showFog":true,"showMaterialUpdate":false,"showSkybox":false,"showFlares":true,"showImageEffects":true,"showParticleSystems":true},"in2DMode":false,"pivot":{"x":0.9744576811790466,"y":3.5977046489715578,"z":-7.438235759735107},"rotation":{"x":-0.02879340760409832,"y":0.9652175307273865,"z":-0.2300756871700287,"w":-0.12079469859600067},"size":8.652874946594239,"orthographic":false}