{"cameraMode":{"drawMode":0,"name":"Shaded","section":"Shading Mode"},"sceneLighting":false,"audioPlay":false,"sceneViewState":{"showFog":true,"showMaterialUpdate":false,"showSkybox":false,"showFlares":true,"showImageEffects":true,"showParticleSystems":true},"in2DMode":false,"pivot":{"x":12.579564094543457,"y":0.12461221218109131,"z":9.934370040893555},"rotation":{"x":-0.09664998948574066,"y":0.8948469161987305,"z":-0.23613327741622926,"w":-0.36626338958740237},"size":32.98362350463867,"orthographic":false}