{"cameraMode":{"drawMode":0,"name":"Shaded","section":"Shading Mode"},"sceneLighting":false,"audioPlay":false,"sceneViewState":{"showFog":true,"showMaterialUpdate":false,"showSkybox":false,"showFlares":true,"showImageEffects":true,"showParticleSystems":true},"in2DMode":false,"pivot":{"x":-8.430891990661621,"y":3.24568510055542,"z":-17.39780044555664},"rotation":{"x":-0.47180628776550295,"y":-0.013224612921476365,"z":0.007077620830386877,"w":-0.8815746903419495},"size":5.681665897369385,"orthographic":false}