{"cameraMode":{"drawMode":0,"name":"Shaded","section":"Shading Mode"},"sceneLighting":false,"audioPlay":false,"sceneViewState":{"showFog":true,"showMaterialUpdate":false,"showSkybox":false,"showFlares":true,"showImageEffects":true,"showParticleSystems":true},"in2DMode":false,"pivot":{"x":0.07904624938964844,"y":2.6751184463500978,"z":-9.93292236328125},"rotation":{"x":-0.09664998948574066,"y":0.8948469161987305,"z":-0.23613327741622926,"w":-0.36626338958740237},"size":71.61034393310547,"orthographic":false}