{"cameraMode":{"drawMode":0,"name":"Shaded","section":"Shading Mode"},"sceneLighting":false,"audioPlay":false,"sceneViewState":{"showFog":true,"showMaterialUpdate":false,"showSkybox":false,"showFlares":true,"showImageEffects":true,"showParticleSystems":true},"in2DMode":false,"pivot":{"x":27.048885345458986,"y":1.2435224056243897,"z":-9.333746910095215},"rotation":{"x":-0.09664998948574066,"y":0.8948469161987305,"z":-0.23613327741622926,"w":-0.36626338958740237},"size":9.407378196716309,"orthographic":false}